# Migrations that error when replayed against a fresh init/ build, with the reason.
#
# Format: <filename>\t<first ERROR line>. RI_ConstraintTrigger OIDs are masked to *; they
# move whenever init/ changes.
#
# scripts/schema-drift-check.sh replays as postgres and fails if a name or a reason changes.
# The set is role-dependent: 20260308000001 succeeds as supabase_admin.
#
# Causes: init/ is ahead of the migration - CREATE OR REPLACE cannot rename a parameter or
# change a return type, and a policy cannot be created twice; ownership - public objects are
# owned by supabase_admin and realtime.messages by supabase_realtime_admin, so DDL as
# postgres is refused; prod-only relation - public.pg_background_job exists in production,
# not in init/.
#
20260308000001_server_moderation.sql	permission denied: "RI_ConstraintTrigger_*" is a system trigger
20260317000003_fix_activitypub_notification_preferences.sql	cannot change name of input parameter "p_server_id"
20260318000002_fix_reaction_ordering_chronological.sql	cannot change return type of existing function
20260322000011_realtime_messages_rls_policies.sql	must be owner of table messages
20260323000002_fix_user_servers_select_rls.sql	policy "user_servers_select_co_members" for table "user_servers" already exists
20260324000007_broadcast_private_channels_with_rls.sql	must be owner of table messages
20260616000005_consolidate_duplicate_policies_batch4.sql	relation "public.pg_background_job" does not exist
